<?xml version="1.0" encoding="UTF-8"?>
<teamcity-plugin xmlns:xsi="http://www.w3.org/2001/XMLSchema-instance"
                 xsi:noNamespaceSchemaLocation="urn:shemas-jetbrains-com:teamcity-plugin-v1-xml">
  <info>
    <name>teamcity-avatar</name>
    <display-name>Avatar</display-name>
    <version>0.1</version>
    <description>Plugin for displaying user avatars in Teamcity</description>
    <vendor>
      <name>Grigory Chernyshev [mail.ru]</name>
      <url>http://mail.ru</url>
    </vendor>
  </info>
  <deployment use-separate-classloader="true"/>
</teamcity-plugin>
